source,section,date,title,url,content,status,error
al-akhbar,lebanon,03.02.2026,سلام: لن نسمح بتكرار «مغامرة» إسناد غزة,https://www.al-akhbar.com/news/lebanon/878030/%D8%B3%D9%84%D8%A7%D9%85--%D9%84%D9%86-%D9%86%D8%B3%D9%85%D8%AD-%D8%A8%D8%AA%D9%83%D8%B1%D8%A7%D8%B1--%D9%85%D8%BA%D8%A7%D9%85%D8%B1%D8%A9--%D8%A5%D8%B3%D9%86%D8%A7%D8%AF-%D8%BA%D8%B2%D8%A9,,ok,
al-akhbar,lebanon,03.02.2026,فضل الله يدعو الدولة إلى تحمّل مسؤولياتها... ويوجه رسالة إلى جمهور المقاومة,https://www.al-akhbar.com/news/lebanon/878023/%D9%81%D8%B6%D9%84-%D8%A7%D9%84%D9%84%D9%87-%D9%8A%D8%AF%D8%B9%D9%88-%D8%A7%D9%84%D8%AF%D9%88%D9%84%D8%A9-%D8%A5%D9%84%D9%89-%D8%AA%D8%AD%D9%85%D9%84-%D9%85%D8%B3%D8%A4%D9%88%D9%84%D9%8A%D8%A7%D8%AA%D9%87%D8%A7----%D9%88%D9%8A%D9%88%D8%AC%D9%87-%D8%B1%D8%B3%D8%A7%D9%84%D8%A9-%D8%A5%D9%84%D9%89,,ok,
al-akhbar,lebanon,02.02.2026,مجلس القضاء الأعلى: لن نتهاون في حقوق القضاة والمساعدين,https://www.al-akhbar.com/news/lebanon/877968/%D9%85%D8%AC%D9%84%D8%B3-%D8%A7%D9%84%D9%82%D8%B6%D8%A7%D8%A1-%D8%A7%D9%84%D8%A3%D8%B9%D9%84%D9%89--%D9%84%D9%86-%D9%86%D8%AA%D9%87%D8%A7%D9%88%D9%86-%D9%81%D9%8A-%D8%AD%D9%82%D9%88%D9%82-%D8%A7%D9%84%D9%82%D8%B6%D8%A7%D8%A9-%D9%88%D8%A7%D9%84%D9%85%D8%B3%D8%A7%D8%B9%D8%AF%D9%8A%D9%86,,ok,
al-akhbar,lebanon,02.02.2026,«صرخة تحذير أخيرة» رفضاً لتقليص خدمات «الأونروا»,https://www.al-akhbar.com/news/lebanon/877964/-%D8%B5%D8%B1%D8%AE%D8%A9-%D8%AA%D8%AD%D8%B0%D9%8A%D8%B1-%D8%A3%D8%AE%D9%8A%D8%B1%D8%A9--%D8%B1%D9%81%D8%B6%D8%A7-%D9%84%D8%AA%D9%82%D9%84%D9%8A%D8%B5-%D8%AE%D8%AF%D9%85%D8%A7%D8%AA--%D8%A7%D9%84%D8%A3%D9%88%D9%86%D8%B1%D9%88%D8%A7,,ok,
annahar,lebanon/whispers/writers,03-02-2026,عون: لن يكون وارداً التوقّف عن تنفيذ ما تعهّدتُ به في خطاب القَسَم,https://www.annahar.com/lebanon/275031/%D8%B9%D9%88%D9%86-%D9%84%D9%86-%D9%8A%D9%83%D9%88%D9%86-%D9%88%D8%A7%D8%B1%D8%AF%D8%A7-%D8%A7%D9%84%D8%AA%D9%88%D9%82%D9%81-%D8%B9%D9%86-%D8%AA%D9%86%D9%81%D9%8A%D8%B0-%D9%85%D8%A7-%D8%AA%D8%B9%D9%87%D8%AF%D8%AA-%D8%A8%D9%87-%D9%81%D9%8A-%D8%AE%D8%B7%D8%A7%D8%A8-%D8%A7%D9%84%D9%82%D8%B3%D9%85,,ok,
annahar,lebanon/whispers/writers,03-02-2026,"سلام في ""القمة العالمية للحكومات"": لن نسمح بإدخال لبنان بمغامرة جديدة وأتمنى من العرب المشاركة في مؤتمر دعم الجيش",https://www.annahar.com/lebanon/politics/274997/%D8%B3%D9%84%D8%A7%D9%85-%D9%81%D9%8A-%D8%A7%D9%84%D9%82%D9%85%D8%A9-%D8%A7%D9%84%D8%B9%D8%A7%D9%84%D9%85%D9%8A%D8%A9-%D9%84%D9%84%D8%AD%D9%83%D9%88%D9%85%D8%A7%D8%AA-%D9%84%D9%86-%D9%86%D8%B3%D9%85%D8%AD-%D8%A8%D8%A5%D8%AF%D8%AE%D8%A7%D9%84-%D9%84%D8%A8%D9%86%D8%A7%D9%86-%D9%81%D9%8A-%D9%85%D8%BA%D8%A7%D9%85%D8%B1%D8%A9-%D8%AC%D8%AF%D9%8A%D8%AF%D8%A9-%D9%88%D8%A3%D8%AA%D9%85%D9%86%D9%89-%D9%85%D9%86-%D8%A7%D9%84%D8%B9%D8%B1%D8%A8-%D8%A7%D9%84%D9%85%D8%B4%D8%A7%D8%B1%D9%83%D8%A9-%D9%81%D9%8A-%D9%85%D8%A4%D8%AA%D9%85%D8%B1-%D8%AF%D8%B9%D9%85-%D8%A7%D9%84%D8%AC%D9%8A%D8%B4,,ok,
annahar,lebanon/whispers/writers,03-02-2026,"لقاءات لسلام على هامش ""القمة العالمية للحكومات"" في دبي... مبادرة لاجتماع لبناني- سوري- أردني لبحث ملفات الطاقة",https://www.annahar.com/lebanon/politics/274975/%D9%84%D9%82%D8%A7%D8%A7%D8%AA-%D9%84%D8%B3%D9%84%D8%A7%D9%85-%D8%B9%D9%84%D9%89-%D9%87%D8%A7%D9%85%D8%B4-%D8%A7%D9%84%D9%82%D9%85%D8%A9-%D8%A7%D9%84%D8%B9%D8%A7%D9%84%D9%85%D9%8A%D8%A9-%D9%84%D9%84%D8%AD%D9%83%D9%88%D9%85%D8%A7%D8%AA-%D9%81%D9%8A-%D8%AF%D8%A8%D9%8A-%D9%85%D8%A8%D8%A7%D8%AF%D8%B1%D8%A9-%D9%84%D8%A7%D8%AC%D8%AA%D9%85%D8%A7%D8%B9-%D9%84%D8%A8%D9%86%D8%A7%D9%86%D9%8A--%D8%B3%D9%88%D8%B1%D9%8A--%D8%A3%D8%B1%D8%AF%D9%86%D9%8A-%D9%84%D8%A8%D8%AD%D8%AB-%D9%85%D9%84%D9%81%D8%A7%D8%AA-%D8%A7%D9%84%D8%B7%D8%A7%D9%82%D8%A9,,ok,
annahar,lebanon/whispers/writers,03-02-2026,"ديبلوماسيون غربيون يتوقفون عن حادثة بلدة القصر... ما علاقة ""حزب الله""؟",https://www.annahar.com/lebanon/whispers/274821/%D8%AF%D9%8A%D8%A8%D9%84%D9%88%D9%85%D8%A7%D8%B3%D9%8A%D9%88%D9%86-%D8%BA%D8%B1%D8%A8%D9%8A%D9%88%D9%86-%D9%8A%D8%AA%D9%88%D9%82%D9%81%D9%88%D9%86-%D8%B9%D9%86-%D8%AD%D8%A7%D8%AF%D8%AB%D8%A9-%D8%A8%D9%84%D8%AF%D8%A9-%D8%A7%D9%84%D9%82%D8%B5%D8%B1,,ok,
annahar,lebanon/whispers/writers,03-02-2026,جدل حول سريان قانون الإيجارات,https://www.annahar.com/lebanon/whispers/274823/%D8%AC%D8%AF%D9%84-%D8%AD%D9%88%D9%84-%D8%B3%D8%B1%D9%8A%D8%A7%D9%86-%D9%82%D8%A7%D9%86%D9%88%D9%86-%D8%A7%D9%84%D8%A7%D9%8A%D8%AC%D8%A7%D8%B1%D8%A7%D8%AA,,ok,
annahar,lebanon/whispers/writers,03-02-2026,المحكمة العسكرية الدائمة تحكم بسجن نوح زعيتر شهراً عن أربع إدانات وتصدر براءته أو إسقاط العقوبة عن باقي الملفات,https://www.annahar.com/lebanon/275090/%D8%A7%D9%84%D9%85%D8%AD%D9%83%D9%85%D8%A9-%D8%A7%D9%84%D8%B9%D8%B3%D9%83%D8%B1%D9%8A%D8%A9-%D8%A7%D9%84%D8%AF%D8%A7%D8%A6%D9%85%D8%A9-%D8%AA%D8%AD%D9%83%D9%85-%D8%A8%D8%B3%D8%AC%D9%86-%D9%86%D9%88%D8%AD-%D8%B2%D8%B9%D9%8A%D8%AA%D8%B1-%D8%B4%D9%87%D8%B1%D8%A7-%D8%B9%D9%86-%D8%A3%D8%B1%D8%A8%D8%B9-%D8%A5%D8%AF%D8%A7%D9%86%D8%A7%D8%AA-%D9%88%D8%AA%D8%B5%D8%AF%D8%B1-%D8%A8%D8%B1%D8%A7%D8%AA%D9%87-%D8%A3%D9%88-%D8%A5%D8%B3%D9%82%D8%A7%D8%B7-%D8%A7%D9%84%D8%B9%D9%82%D9%88%D8%A8%D8%A9-%D8%B9%D9%86-%D8%A8%D8%A7%D9%82%D9%8A-%D8%A7%D9%84%D9%85%D9%84%D9%81%D8%A7%D8%AA,,ok,
annahar,lebanon/whispers/writers,03-02-2026,الأمن العام اللبناني: لا تقدموا معلوماتكم الشخصية بلا التحقق من الجهة,https://www.annahar.com/lebanon/society/275073/%D8%A7%D9%84%D8%A3%D9%85%D9%86-%D8%A7%D9%84%D8%B9%D8%A7%D9%85-%D8%A7%D9%84%D9%84%D8%A8%D9%86%D8%A7%D9%86%D9%8A-%D9%84%D8%A7-%D8%AA%D9%82%D8%AF%D9%85%D9%88%D8%A7-%D9%85%D8%B9%D9%84%D9%88%D9%85%D8%A7%D8%AA%D9%83%D9%85-%D8%A7%D9%84%D8%B4%D8%AE%D8%B5%D9%8A%D8%A9-%D8%A8%D9%84%D8%A7-%D8%A7%D9%84%D8%AA%D8%AD%D9%82%D9%82-%D9%85%D9%86-%D8%A7%D9%84%D8%AC%D9%87%D8%A9,,ok,
annahar,lebanon/whispers/writers,03-02-2026,البطريرك الراعي: ميزة لبنان الأهم هي الحوار,https://www.annahar.com/lebanon/politics/275062/%D8%A7%D9%84%D8%A8%D8%B7%D8%B1%D9%8A%D8%B1%D9%83-%D8%A7%D9%84%D8%B1%D8%A7%D8%B9%D9%8A-%D9%85%D9%8A%D8%B2%D8%A9-%D9%84%D8%A8%D9%86%D8%A7%D9%86-%D8%A7%D9%84%D8%A3%D9%87%D9%85-%D9%87%D9%8A-%D8%A7%D9%84%D8%AD%D9%88%D8%A7%D8%B1,,ok,
annahar,lebanon/whispers/writers,03-02-2026,"في ""منتصف النهار"" اليوم: من بيروت إلى باريس فواشنطن... نزع السلاح أولاً",https://www.annahar.com/lebanon/politics/275035/%D9%81%D9%8A%D9%85%D9%86%D8%AA%D8%B5%D9%81-%D8%A7%D9%84%D9%86%D9%87%D8%A7%D8%B1-%D8%A7%D9%84%D9%8A%D9%88%D9%85-%D9%85%D9%86-%D8%A8%D9%8A%D8%B1%D9%88%D8%AA-%D8%A5%D9%84%D9%89-%D8%A8%D8%A7%D8%B1%D9%8A%D8%B3-%D9%81%D9%88%D8%A7%D8%B4%D9%86%D8%B7%D9%86-%D9%86%D8%B2%D8%B9-%D8%A7%D9%84%D8%B3%D9%84%D8%A7%D8%AD-%D8%A3%D9%88%D9%84%D8%A7,,ok,
annahar,lebanon/whispers/writers,03-02-2026,لبنان- الضمان الاجتماعي: زيادة معاينات الأطباء إلى 92%,https://www.annahar.com/lebanon/society/275033/%D9%84%D8%A8%D9%86%D8%A7%D9%86--%D8%A7%D9%84%D8%B6%D9%85%D8%A7%D9%86-%D8%A7%D9%84%D8%A7%D8%AC%D8%AA%D9%85%D8%A7%D8%B9%D9%8A-%D8%B2%D9%8A%D8%A7%D8%AF%D8%A9-%D9%85%D8%B9%D8%A7%D9%8A%D9%86%D8%A7%D8%AA-%D8%A7%D9%84%D8%A3%D8%B7%D8%A8%D8%A7-%D8%A5%D9%84%D9%89-92,,ok,
annahar,lebanon/whispers/writers,03-02-2026,مداهمة للجيش اللبناني في منطقة القصر-الهرمل... وضبط سلاح,https://www.annahar.com/lebanon/society/275014/%D9%85%D8%AF%D8%A7%D9%87%D9%85%D8%A9-%D9%84%D9%84%D8%AC%D9%8A%D8%B4-%D8%A7%D9%84%D9%84%D8%A8%D9%86%D8%A7%D9%86%D9%8A-%D9%81%D9%8A-%D9%85%D9%86%D8%B7%D9%82%D8%A9-%D8%A7%D9%84%D9%82%D8%B5%D8%B1-%D8%A7%D9%84%D9%87%D8%B1%D9%85%D9%84-%D9%88%D8%B6%D8%A8%D8%B7-%D8%B3%D9%84%D8%A7%D8%AD,,ok,
annahar,lebanon/whispers/writers,03-02-2026,"وزارة الطاقة والمياه تتقدّم بإخبار بحق فوزي مشلب لـ""عبثه بالأمن القومي""",https://www.annahar.com/lebanon/politics/274936/%D9%88%D8%B2%D8%A7%D8%B1%D8%A9-%D8%A7%D9%84%D8%B7%D8%A7%D9%82%D8%A9-%D9%88%D8%A7%D9%84%D9%85%D9%8A%D8%A7%D9%87-%D8%AA%D8%AA%D9%82%D8%AF%D9%85-%D8%A8%D8%A5%D8%AE%D8%A8%D8%A7%D8%B1-%D8%A8%D8%AD%D9%82-%D9%81%D9%88%D8%B2%D9%8A-%D9%85%D8%B4%D9%84%D8%A8-%D9%84%D9%80%D8%B9%D8%A8%D8%AB%D9%87-%D8%A8%D8%A7%D9%84%D8%A3%D9%85%D9%86-%D8%A7%D9%84%D9%82%D9%88%D9%85%D9%8A,,ok,
annahar,lebanon/whispers/writers,03-02-2026,"صباح ""النهار"": شهران حاسمان للتفاوض و""نزع السلاح أولاً""... أميركا وإيران بين الاستعداد للحرب والديبلوماسية",https://www.annahar.com/lebanon/politics/274908/%D8%B5%D8%A8%D8%A7%D8%AD-%D8%A7%D9%84%D9%86%D9%87%D8%A7%D8%B1,,ok,
annahar,lebanon/whispers/writers,03-02-2026,"""حزب الله"" يُبرّر هجومه على سيمون كرم: التعاون جنوب الليطاني كان قائماً",https://www.annahar.com/lebanon/274815/%D8%AD%D8%B2%D8%A8-%D8%A7%D9%84%D9%84%D9%87-%D9%8A%D8%A8%D8%B1%D8%B1-%D9%87%D8%AC%D9%88%D9%85%D9%87-%D8%B9%D9%84%D9%89-%D9%83%D8%B1%D9%85-%D8%A7%D9%84%D8%AA%D8%B9%D8%A7%D9%88%D9%86-%D8%AC%D9%86%D9%88%D8%A8-%D8%A7%D9%84%D9%84%D9%8A%D8%B7%D8%A7%D9%86%D9%8A-%D9%83%D8%A7%D9%86-%D9%82%D8%A7%D8%A6%D9%85%D8%A7,,ok,
annahar,lebanon/whispers/writers,03-02-2026,"""باقون"" في ذكرى اغتيال لقمان سليم",https://www.annahar.com/lebanon/274773/%D8%A8%D8%A7%D9%82%D9%88%D9%86-%D9%81%D9%8A-%D8%B0%D9%83%D8%B1%D9%89-%D8%A7%D8%BA%D8%AA%D9%8A%D8%A7%D9%84-%D9%84%D9%82%D9%85%D8%A7%D9%86-%D8%B3%D9%84%D9%8A%D9%85,,ok,
annahar,lebanon/whispers/writers,03-02-2026,تحرّكٌ برلماني حكومي لمعالجة المأزق الانتخابي... الضغوط تواكب زيارة هيكل وتُحدّد نتائجها,https://www.annahar.com/lebanon/274840/%D8%AA%D8%AD%D8%B1%D9%83-%D8%A8%D8%B1%D9%84%D9%85%D8%A7%D9%86%D9%8A-%D8%AD%D9%83%D9%88%D9%85%D9%8A-%D9%84%D9%85%D8%B9%D8%A7%D9%84%D8%AC%D8%A9-%D8%A7%D9%84%D9%85%D8%A3%D8%B2%D9%82-%D8%A7%D9%84%D8%A7%D9%86%D8%AA%D8%AE%D8%A7%D8%A8%D9%8A-%D8%A7%D9%84%D8%B6%D8%BA%D9%88%D8%B7-%D8%AA%D9%88%D8%A7%D9%83%D8%A8-%D8%B2%D9%8A%D8%A7%D8%B1%D8%A9-%D9%87%D9%8A%D9%83%D9%84-%D9%88%D8%AA%D8%AD%D8%AF%D8%AF-%D9%86%D8%AA%D8%A7%D8%A6%D8%AC%D9%87%D8%A7,,ok,
annahar,lebanon/whispers/writers,03-02-2026,التصدي لإيران بوقف الفظائع وفتح مسار انتقال سلمي,https://www.annahar.com/articles/annahar-writers/274974/%D8%A7%D9%84%D8%AA%D8%B5%D8%AF%D9%8A-%D9%84%D8%A5%D9%8A%D8%B1%D8%A7%D9%86-%D8%A8%D9%88%D9%82%D9%81-%D8%A7%D9%84%D9%81%D8%B8%D8%A7%D8%A6%D8%B9-%D9%88%D9%81%D8%AA%D8%AD-%D9%85%D8%B3%D8%A7%D8%B1-%D8%A7%D9%86%D8%AA%D9%82%D8%A7%D9%84-%D8%B3%D9%84%D9%85%D9%8A,,ok,
annahar,lebanon/whispers/writers,03-02-2026,استمرار الاستعدادات الأميركية لحرب محتملة يختبر جدية إيران في الخيار الديبلوماسي,https://www.annahar.com/articles/annahar-writers/274706/%D8%A7%D8%B3%D8%AA%D9%85%D8%B1%D8%A7%D8%B1-%D8%A7%D9%84%D8%A7%D8%B3%D8%AA%D8%B9%D8%AF%D8%A7%D8%AF%D8%A7%D8%AA-%D8%A7%D9%84%D8%A3%D9%85%D9%8A%D8%B1%D9%83%D9%8A%D8%A9-%D9%84%D8%AD%D8%B1%D8%A8-%D9%85%D8%AD%D8%AA%D9%85%D9%84%D8%A9-%D9%8A%D8%AE%D8%AA%D8%A8%D8%B1-%D8%AC%D8%AF%D9%8A%D8%A9-%D8%A5%D9%8A%D8%B1%D8%A7%D9%86-%D9%81%D9%8A-%D8%A7%D9%84%D8%AE%D9%8A%D8%A7%D8%B1-%D8%A7%D9%84%D8%AF%D9%8A%D8%A8%D9%84%D9%88%D9%85%D8%A7%D8%B3%D9%8A,,ok,
annahar,lebanon/whispers/writers,03-02-2026,من بيروت إلى باريس فواشنطن: نزع السلاح أوّلاً!,https://www.annahar.com/articles/annahar-writers/274819/%D9%85%D9%86-%D8%A8%D9%8A%D8%B1%D9%88%D8%AA-%D8%A5%D9%84%D9%89-%D8%A8%D8%A7%D8%B1%D9%8A%D8%B3-%D9%81%D9%88%D8%A7%D8%B4%D9%86%D8%B7%D9%86-%D9%86%D8%B2%D8%B9-%D8%A7%D9%84%D8%B3%D9%84%D8%A7%D8%AD-%D8%A3%D9%88%D9%84%D8%A7,,ok,
annahar,lebanon/whispers/writers,03-02-2026,خطأ المسيحيين في جلسة الموازنة,https://www.annahar.com/articles/annahar-writers/274800/%D8%AE%D8%B7%D8%A3-%D8%A7%D9%84%D9%85%D8%B3%D9%8A%D8%AD%D9%8A%D9%8A%D9%86-%D9%81%D9%8A-%D8%AC%D9%84%D8%B3%D8%A9-%D8%A7%D9%84%D9%85%D9%88%D8%A7%D8%B2%D9%86%D8%A9,,ok,
annahar,lebanon/whispers/writers,03-02-2026,ما أبعاد تقدّم الجيش للإمساك بمداخل مخيم البداوي؟,https://www.annahar.com/articles/annahar-writers/274774/%D9%85%D8%A7-%D8%A3%D8%A8%D8%B9%D8%A7%D8%AF-%D8%AA%D9%82%D8%AF%D9%85-%D8%A7%D9%84%D8%AC%D9%8A%D8%B4-%D9%84%D9%84%D8%A5%D9%85%D8%B3%D8%A7%D9%83-%D8%A8%D9%85%D8%AF%D8%A7%D8%AE%D9%84-%D9%85%D8%AE%D9%8A%D9%85-%D8%A7%D9%84%D8%A8%D8%AF%D8%A7%D9%88%D9%8A,,ok,
annahar,lebanon/whispers/writers,03-02-2026,إيران والسيناريوات الممكنة,https://www.annahar.com/articles/annahar-writers/274786/%D8%A5%D9%8A%D8%B1%D8%A7%D9%86-%D9%88%D8%A7%D9%84%D8%B3%D9%8A%D9%86%D8%A7%D8%B1%D9%8A%D9%88%D8%A7%D8%AA-%D8%A7%D9%84%D9%85%D9%85%D9%83%D9%86%D8%A9,,ok,
annahar,lebanon/whispers/writers,03-02-2026,شهران حاسمان لبلورة مسار التفاوض مع إسرائيل؟,https://www.annahar.com/articles/annahar-writers/274813/%D8%B4%D9%87%D8%B1%D8%A7%D9%86-%D8%AD%D8%A7%D8%B3%D9%85%D8%A7%D9%86-%D9%84%D8%A8%D9%84%D9%88%D8%B1%D8%A9-%D9%85%D8%B3%D8%A7%D8%B1-%D8%A7%D9%84%D8%AA%D9%81%D8%A7%D9%88%D8%B6-%D9%85%D8%B9-%D8%A5%D8%B3%D8%B1%D8%A7%D8%A6%D9%8A%D9%84,,ok,
annahar,lebanon/whispers/writers,03-02-2026,من يدير الرأي العام العربي؟ وكيف تُستغل العاطفة في تشكيله؟,https://www.annahar.com/articles/annahar-writers/274646/%D9%85%D9%86-%D9%8A%D8%AF%D9%8A%D8%B1-%D8%A7%D9%84%D8%B1%D8%A3%D9%8A-%D8%A7%D9%84%D8%B9%D8%A7%D9%85-%D8%A7%D9%84%D8%B9%D8%B1%D8%A8%D9%8A-%D9%88%D9%83%D9%8A%D9%81-%D8%AA%D8%B3%D8%AA%D8%BA%D9%84-%D8%A7%D9%84%D8%B9%D8%A7%D8%B7%D9%81%D8%A9-%D9%81%D9%8A-%D8%AA%D8%B4%D9%83%D9%8A%D9%84%D9%87,,ok,
annahar,lebanon/whispers/writers,03-02-2026,"بتوقيت ""التحوّل الإقليمي""... دمشق تفتح ملفها مع ""حزب الله""!",https://www.annahar.com/articles/annahar-writers/274733/%D8%A8%D8%AA%D9%88%D9%82%D9%8A%D8%AA-%D8%A7%D9%84%D8%AA%D8%AD%D9%88%D9%84-%D8%A7%D9%84%D8%A5%D9%82%D9%84%D9%8A%D9%85%D9%8A-%D8%AF%D9%85%D8%B4%D9%82-%D8%AA%D9%81%D8%AA%D8%AD-%D9%85%D9%84%D9%81%D9%87%D8%A7-%D9%85%D8%B9-%D8%AD%D8%B2%D8%A8-%D8%A7%D9%84%D9%84%D9%87,,ok,
annahar,lebanon/whispers/writers,03-02-2026,"عن زيارة سيغولين رويال للجزائر في ظل ""اللوبي"" المفقود في فرنسا",https://www.annahar.com/articles/annahar-writers/274651/%D8%AD%D9%88%D9%84-%D8%B2%D9%8A%D8%A7%D8%B1%D8%A9-%D8%B3%D9%8A%D8%BA%D9%88%D9%84%D9%8A%D9%86-%D8%B1%D9%88%D9%8A%D8%A7%D9%84-%D9%84%D9%84%D8%AC%D8%B2%D8%A7%D8%A6%D8%B1-%D9%81%D9%8A-%D8%B8%D9%84-%D8%A7%D9%84%D9%84%D9%88%D8%A8%D9%8A-%D8%A7%D9%84%D8%AC%D8%B2%D8%A7%D8%A6%D8%B1%D9%8A-%D8%A7%D9%84%D9%85%D9%81%D9%82%D9%88%D8%AF-%D9%81%D9%8A-%D9%81%D8%B1%D9%86%D8%B3%D8%A7,,ok,
annahar,lebanon/whispers/writers,03-02-2026,تشابه المقدمات يقود إلى النتائج نفسها: إيران والاتحاد السوفياتي,https://www.annahar.com/articles/annahar-writers/274664/%D8%AA%D8%B4%D8%A7%D8%A8%D9%87-%D8%A7%D9%84%D9%85%D9%82%D8%AF%D9%85%D8%A7%D8%AA-%D8%AA%D9%82%D9%88%D8%AF-%D8%A5%D9%84%D9%89-%D8%A7%D9%84%D9%86%D8%AA%D8%A7%D8%A6%D8%AC-%D9%86%D9%81%D8%B3%D9%87%D8%A7-%D8%A5%D9%8A%D8%B1%D8%A7%D9%86-%D9%88%D8%A7%D9%84%D8%A7%D8%AA%D8%AD%D8%A7%D8%AF-%D8%A7%D9%84%D8%B3%D9%88%D9%81%D9%8A%D8%A7%D8%AA%D9%8A,,ok,
almodon,politics,2026-02-03,لن نقف على الحياد: تهديد حزب الله وأسباب تردُّده في الهجوم,https://www.almodon.com/politics/2026/02/03/%D9%84%D9%86-%D9%86%D9%82%D9%81-%D8%B9%D9%84%D9%89-%D8%A7%D9%84%D8%AD%D9%8A%D8%A7%D8%AF-%D8%AA%D9%87%D8%AF%D9%8A%D8%AF-%D8%AD%D8%B2%D8%A8-%D8%A7%D9%84%D9%84%D9%87-%D9%88%D8%A3%D8%B3%D8%A8%D8%A7%D8%A8-%D8%AA%D8%B1%D8%AF%D8%AF%D9%87-%D9%81%D9%8A-%D8%A7%D9%84%D9%87%D8%AC%D9%88%D9%85,,ok,
almodon,politics,2026-02-03,سلام: بسط سلطة الدولة يشكّل شرطًا أساسياً للاستقرار الداخلي,https://www.almodon.com/politics/2026/02/03/%D8%B3%D9%84%D8%A7%D9%85-%D8%A8%D8%B3%D8%B7-%D8%B3%D9%84%D8%B7%D8%A9-%D8%A7%D9%84%D8%AF%D9%88%D9%84%D8%A9-%D9%8A%D8%B4%D9%83%D9%84-%D8%B4%D8%B1%D8%B7%D8%A7-%D8%A3%D8%B3%D8%A7%D8%B3%D9%8A%D8%A7-%D9%84%D9%84%D8%A7%D8%B3%D8%AA%D9%82%D8%B1%D8%A7%D8%B1-%D8%A7%D9%84%D8%AF%D8%A7%D8%AE%D9%84%D9%8A,,ok,
almodon,politics,2026-02-03,إسرائيل تواصل التصعيد: 87 غارة خلال كانون الثاني فقط,https://www.almodon.com/politics/2026/02/03/%D8%A5%D8%B3%D8%B1%D8%A7%D8%A6%D9%8A%D9%84-%D8%AA%D9%88%D8%A7%D8%B5%D9%84-%D8%A7%D9%84%D8%AA%D8%B5%D8%B9%D9%8A%D8%AF-87-%D8%BA%D8%A7%D8%B1%D8%A9-%D8%AE%D9%84%D8%A7%D9%84-%D9%83%D8%A7%D9%86%D9%88%D9%86-%D8%A7%D9%84%D8%AB%D8%A7%D9%86%D9%8A-%D9%81%D9%82%D8%B7,,ok,
almodon,politics,2026-02-03,عون: نعمل مع الجميع لعدم استدراج البلاد إلى حرب جديدة,https://www.almodon.com/politics/2026/02/03/%D8%B9%D9%88%D9%86-%D9%86%D8%B9%D9%85%D9%84-%D9%85%D8%B9-%D8%A7%D9%84%D8%AC%D9%85%D9%8A%D8%B9-%D9%84%D8%B9%D8%AF%D9%85-%D8%A7%D8%B3%D8%AA%D8%AF%D8%B1%D8%A7%D8%AC-%D8%A7%D9%84%D8%A8%D9%84%D8%A7%D8%AF-%D8%A5%D9%84%D9%89-%D8%AD%D8%B1%D8%A8-%D8%AC%D8%AF%D9%8A%D8%AF%D8%A9,,ok,
nidaa-elwatan,محليات,03 . 02 . 2026,بري بحث مع زواره في الاوضاع العامة والمستجدات السياسية,https://www.nidaalwatan.com/article/363079-%D8%A8%D8%B1%D9%8A-%D8%A8%D8%AD%D8%AB-%D9%85%D8%B9-%D8%B2%D9%88%D8%A7%D8%B1%D9%87-%D9%81%D9%8A-%D8%A7%D9%84%D8%A7%D9%88%D8%B6%D8%A7%D8%B9-%D8%A7%D9%84%D8%B9%D8%A7%D9%85%D8%A9-%D9%88%D8%A7%D9%84%D9%85%D8%B3%D8%AA%D8%AC%D8%AF%D8%A7%D8%AA-%D8%A7%D9%84%D8%B3%D9%8A%D8%A7%D8%B3%D9%8A%D8%A9,,ok,
nidaa-elwatan,محليات,03 . 02 . 2026,الجامعة اللبنانية: الإنتخابات الطالبية في 27 آذار,https://www.nidaalwatan.com/article/363078-%D8%A7%D9%84%D8%AC%D8%A7%D9%85%D8%B9%D8%A9-%D8%A7%D9%84%D9%84%D8%A8%D9%86%D8%A7%D9%86%D9%8A%D8%A9-%D8%A7%D9%84%D8%A5%D9%86%D8%AA%D8%AE%D8%A7%D8%A8%D8%A7%D8%AA-%D8%A7%D9%84%D8%B7%D8%A7%D9%84%D8%A8%D9%8A%D8%A9-%D9%81%D9%8A-27-%D8%A2%D8%B0%D8%A7%D8%B1,,ok,
nidaa-elwatan,محليات,03 . 02 . 2026,الراعي: العيش المشترك كالزواج لا مجال للطلاق فيه,https://www.nidaalwatan.com/article/363076-%D8%A7%D9%84%D8%B1%D8%A7%D8%B9%D9%8A-%D8%A7%D9%84%D8%B9%D9%8A%D8%B4-%D8%A7%D9%84%D9%85%D8%B4%D8%AA%D8%B1%D9%83-%D9%83%D8%A7%D9%84%D8%B2%D9%88%D8%A7%D8%AC-%D9%84%D8%A7-%D9%85%D8%AC%D8%A7%D9%84-%D9%84%D9%84%D8%B7%D9%84%D8%A7%D9%82-%D9%81%D9%8A%D9%87,,ok,
nidaa-elwatan,محليات,03 . 02 . 2026,الأمن العام: للإمتناع عن تقديم أي معلومات شخصية من دون التحقق المسبق من هوية الجهة المعنية,https://www.nidaalwatan.com/article/363070-%D8%A7%D9%84%D8%A3%D9%85%D9%86-%D8%A7%D9%84%D8%B9%D8%A7%D9%85-%D9%84%D9%84%D8%A5%D9%85%D8%AA%D9%86%D8%A7%D8%B9-%D8%B9%D9%86-%D8%AA%D9%82%D8%AF%D9%8A%D9%85-%D8%A3%D9%8A-%D9%85%D8%B9%D9%84%D9%88%D9%85%D8%A7%D8%AA%D9%84%D9%88%D9%85%D8%A7%D8%AA-%D8%B4%D8%AE%D8%B5%D9%8A%D8%A9-%D9%85%D9%86-%D8%AF%D9%88%D9%86-%D8%A7%D9%84%D8%AA%D8%AD%D9%82%D9%82-%D8%A7%D9%84%D9%85%D8%B3%D8%A8%D9%82-%D9%85%D9%86-%D9%87%D9%88%D9%8A%D8%A9,,ok,
nidaa-elwatan,محليات,03 . 02 . 2026,الرئيس عون: لن أتدخّل في التحالفات الانتخابية,https://www.nidaalwatan.com/article/363068-%D8%A7%D9%84%D8%B1%D8%A6%D9%8A%D8%B3-%D8%B9%D9%88%D9%86-%D9%84%D9%86-%D8%A3%D8%AA%D8%AF%D8%AE%D9%84-%D9%81%D9%8A-%D8%A7%D9%84%D8%AA%D8%AD%D8%A7%D9%84%D9%81%D8%A7%D8%AA-%D8%A7%D9%84%D8%A7%D9%86%D8%AA%D8%AE%D8%A7%D8%A8%D9%8A%D8%A9,,ok,
nidaa-elwatan,محليات,03 . 02 . 2026,"طلاب ""القوات"": سنخوض انتخابات ""اللبنانية"" على أساس خطابنا السياسي الواضح",https://www.nidaalwatan.com/article/363066-%D8%B7%D9%84%D8%A7%D8%A8-%D8%A7%D9%84%D9%82%D9%88%D8%A7%D8%AA-%D8%B3%D9%86%D8%AE%D9%88%D8%B6-%D8%A7%D9%86%D8%AA%D8%AE%D8%A7%D8%A8%D8%A7%D8%AA-%D8%A7%D9%84%D9%84%D8%A8%D9%86%D8%A7%D9%86%D9%8A%D8%A9-%D8%B9%D9%84%D9%89-%D8%A3%D8%B3%D8%A7%D8%B3-%D8%AE%D8%B7%D8%A7%D8%A8%D9%86%D8%A7-%D8%A7%D9%84%D8%B3%D9%8A%D8%A7%D8%B3%D9%8A-%D8%A7%D9%84%D9%88%D8%A7%D8%B6%D8%AD,,ok,
nidaa-elwatan,محليات,03 . 02 . 2026,"سلام دعا ""الأشقاء العرب للمشاركة في مؤتمر دعم الجيش: لن نسمح بإدخال لبنان في مغامرة جديدة",https://www.nidaalwatan.com/article/363058-%D8%B3%D9%84%D8%A7%D9%85-%D8%AF%D8%B9%D8%A7-%D8%A7%D9%84%D8%A3%D8%B4%D9%82%D8%A7%D8%A1-%D8%A7%D9%84%D8%B9%D8%B1%D8%A8-%D9%84%D9%84%D9%85%D8%B4%D8%A7%D8%B1%D9%83%D8%A9-%D9%81%D9%8A-%D9%85%D8%A4%D8%AA%D9%85%D8%B1-%D9%85%D8%A4%D8%AA%D9%85%D8%B1-%D8%AF%D8%B9%D9%85-%D8%A7%D9%84%D8%AC%D9%8A%D8%B4-%D9%84%D9%86-%D9%86%D8%B3%D9%85%D8%AD-%D8%A8%D8%A5%D8%AF%D8%AE%D8%A7%D9%84-%D9%84%D8%A8%D9%86%D8%A7%D9%86-%D9%81%D9%8A,,ok,
nidaa-elwatan,محليات,03 . 02 . 2026,تدمير منزل في كفركلا,https://www.nidaalwatan.com/article/363054-%D8%AA%D8%AF%D9%85%D9%8A%D8%B1-%D9%85%D9%86%D8%B2%D9%84-%D9%81%D9%8A-%D9%83%D9%81%D8%B1%D9%83%D9%84%D8%A7,,ok,
nidaa-elwatan,محليات,03 . 02 . 2026,الرئيس عون تلقى دعوة من دريان لحضور إفطار دار الفتوى,https://www.nidaalwatan.com/article/363053-%D8%A7%D9%84%D8%B1%D8%A6%D9%8A%D8%B3-%D8%B9%D9%88%D9%86-%D8%AA%D9%84%D9%82%D9%89-%D8%AF%D8%B9%D9%88%D8%A9-%D9%85%D9%86-%D8%AF%D8%B1%D9%8A%D8%A7%D9%86-%D9%84%D8%AD%D8%B6%D9%88%D8%B1-%D8%A5%D9%81%D8%B7%D8%A7%D8%B1-%D8%AF%D8%A7%D8%B1-%D8%A7%D9%84%D9%81%D8%AA%D9%88%D9%89,,ok,
nidaa-elwatan,محليات,03 . 02 . 2026,الوزير هاني يتسلّم من لحود التقرير السنوي للمديرية العامة الزراعة,https://www.nidaalwatan.com/article/363052-%D8%A7%D9%84%D9%88%D8%B2%D9%8A%D8%B1-%D9%87%D8%A7%D9%86%D9%8A-%D9%8A%D8%AA%D8%B3%D9%84%D9%85-%D9%85%D9%86-%D9%84%D8%AD%D9%88%D8%AF-%D8%A7%D9%84%D8%AA%D9%82%D8%B1%D9%8A%D8%B1-%D8%A7%D9%84%D8%B3%D9%86%D9%88%D9%8A-%D9%84%D9%84%D9%85%D8%AF%D9%8A%D8%B1%D9%8A%D8%A9-%D8%A7%D9%84%D8%B9%D8%A7%D9%85%D8%A9-%D8%A7%D9%84%D8%B2%D8%B1%D8%A7%D8%B9%D8%A9,,ok,
nidaa-elwatan,محليات,03 . 02 . 2026,اقتراح بعقد اجتماع لبناني - سوري – أردني في عمّان لبحث ملفات الطاقة والكهرباء,https://www.nidaalwatan.com/article/363051-%D8%A7%D9%82%D8%AA%D8%B1%D8%A7%D8%AD-%D8%A8%D8%B9%D9%82%D8%AF-%D8%A7%D8%AC%D8%AA%D9%85%D8%A7%D8%B9-%D9%84%D8%A8%D9%86%D8%A7%D9%86%D9%8A--%D8%B3%D9%88%D8%B1%D9%8A--%D8%A3%D8%B1%D8%AF%D9%86%D9%8A-%D9%81%D9%8A-%D8%B9%D9%85%D8%A7%D9%86-%D9%84%D8%A8%D8%AD%D8%AB-%D9%85%D9%84%D9%81%D8%A7%D8%AA-%D8%A7%D9%84%D8%B7%D8%A7%D9%82%D8%A9-%D9%88%D8%A7%D9%84%D9%83%D9%87%D8%B1%D8%A8%D8%A7%D8%A1,,ok,
nidaa-elwatan,محليات,03 . 02 . 2026,5 ضحايا إثر انهيار جسر في الصين,https://www.nidaalwatan.com/article/363038-5-%D8%B6%D8%AD%D8%A7%D9%8A%D8%A7-%D8%A5%D8%AB%D8%B1-%D8%A7%D9%86%D9%87%D9%8A%D8%A7%D8%B1-%D8%AC%D8%B3%D8%B1-%D9%81%D9%8A-%D8%A7%D9%84%D8%B5%D9%8A%D9%86,,ok,
nidaa-elwatan,محليات,03 . 02 . 2026,"إخبار من ""الطاقة"" بحق فوزي مشلب لعبثه بالأمن القومي",https://www.nidaalwatan.com/article/363037-%D8%A5%D8%AE%D8%A8%D8%A7%D8%B1-%D9%85%D9%86-%D8%A7%D9%84%D8%B7%D8%A7%D9%82%D8%A9-%D8%A8%D8%AD%D9%82-%D9%81%D9%88%D8%B2%D9%8A-%D9%85%D8%B4%D9%84%D8%A8-%D9%84%D8%B9%D8%A8%D8%AB%D9%87-%D8%A8%D8%A7%D9%84%D8%A3%D9%85%D9%86-%D8%A7%D9%84%D9%82%D9%88%D9%85%D9%8A,,ok,
nidaa-elwatan,محليات,03 . 02 . 2026,بين مدريد وواشنطن... عون وهيكل يرمّمان ثقة العالم بلبنان,https://www.nidaalwatan.com/article/363025-%D8%A8%D9%8A%D9%86-%D9%85%D8%AF%D8%B1%D9%8A%D8%AF-%D9%88%D9%88%D8%A7%D8%B4%D9%86%D8%B7%D9%86-%D8%B9%D9%88%D9%86-%D9%88%D9%87%D9%8A%D9%83%D9%84-%D9%8A%D8%B1%D9%85%D9%85%D8%A7%D9%86-%D8%AB%D9%82%D8%A9-%D8%A7%D9%84%D8%B9%D8%A7%D9%84%D9%85-%D8%A8%D9%84%D8%A8%D9%86%D8%A7%D9%86,,ok,
nidaa-elwatan,محليات,03 . 02 . 2026,بعبدا والموازنة بين الضغوط العاصفة,https://www.nidaalwatan.com/article/363005-%D8%A8%D8%B9%D8%A8%D8%AF%D8%A7-%D9%88%D8%A7%D9%84%D9%85%D9%88%D8%A7%D8%B2%D9%86%D8%A9-%D8%A8%D9%8A%D9%86-%D8%A7%D9%84%D8%B6%D8%BA%D9%88%D8%B7-%D8%A7%D9%84%D8%B9%D8%A7%D8%B5%D9%81%D8%A9,,ok,
nidaa-elwatan,محليات,03 . 02 . 2026,مصلحة لبنان الاستراتيجية: إدارة العلاقة مع سوريا وإسرائيل,https://www.nidaalwatan.com/article/362830-%D9%85%D8%B5%D9%84%D8%AD%D8%A9-%D9%84%D8%A8%D9%86%D8%A7%D9%86-%D8%A7%D9%84%D8%A7%D8%B3%D8%AA%D8%B1%D8%A7%D8%AA%D9%8A%D8%AC%D9%8A%D8%A9-%D8%A5%D8%AF%D8%A7%D8%B1%D8%A9-%D8%A7%D9%84%D8%B9%D9%84%D8%A7%D9%82%D8%A9-%D9%85%D8%B9-%D8%B3%D9%88%D8%B1%D9%8A%D8%A7-%D9%88%D8%A5%D8%B3%D8%B1%D8%A7%D8%A6%D9%8A%D9%84,,ok,
nidaa-elwatan,محليات,03 . 02 . 2026,قاسم & CO والخطيئة الكبرى,https://www.nidaalwatan.com/article/362981-%D9%82%D8%A7%D8%B3%D9%85--co-%D9%88%D8%A7%D9%84%D8%AE%D8%B7%D9%8A%D8%A6%D8%A9-%D8%A7%D9%84%D9%83%D8%A8%D8%B1%D9%89,,ok,
nidaa-elwatan,محليات,03 . 02 . 2026,هل يُستدعى الشيخ نعيم قاسم إلى القضاء؟,https://www.nidaalwatan.com/article/362991-%D9%87%D9%84-%D9%8A%D8%B3%D8%AA%D8%AF%D8%B9%D9%89-%D8%A7%D9%84%D8%B4%D9%8A%D8%AE-%D9%86%D8%B9%D9%8A%D9%85-%D9%82%D8%A7%D8%B3%D9%85-%D8%A5%D9%84%D9%89-%D8%A7%D9%84%D9%82%D8%B6%D8%A7%D8%A1,,ok,
nidaa-elwatan,محليات,03 . 02 . 2026,"""نداء الوطن"" تكشف تفاصيل الانتخابات الطالبية في الجامعة اللبنانية",https://www.nidaalwatan.com/article/363012-%D9%86%D8%AF%D8%A7%D8%A1-%D8%A7%D9%84%D9%88%D8%B7%D9%86-%D8%AA%D9%83%D8%B4%D9%81-%D8%AA%D9%81%D8%A7%D8%B5%D9%8A%D9%84-%D8%A7%D9%84%D8%A7%D9%86%D8%AA%D8%AE%D8%A7%D8%A8%D8%A7%D8%AA-%D8%A7%D9%84%D8%B7%D8%A7%D9%84%D8%A8%D9%8A%D8%A9-%D9%81%D9%8A-%D8%A7%D9%84%D8%AC%D8%A7%D9%85%D8%B9%D8%A9-%D8%A7%D9%84%D9%84%D8%A8%D9%86%D8%A7%D9%86%D9%8A%D8%A9,,ok,
nidaa-elwatan,محليات,03 . 02 . 2026,عين الحلوة… مربعات أمنية تكفيرية تهدّد السلم الأهلي,https://www.nidaalwatan.com/article/362986-%D8%B9%D9%8A%D9%86-%D8%A7%D9%84%D8%AD%D9%84%D9%88%D8%A9-%D9%85%D8%B1%D8%A8%D8%B9%D8%A7%D8%AA-%D8%A3%D9%85%D9%86%D9%8A%D8%A9-%D8%AA%D9%83%D9%81%D9%8A%D8%B1%D9%8A%D8%A9-%D8%AA%D9%87%D8%AF%D8%AF-%D8%A7%D9%84%D8%B3%D9%84%D9%85-%D8%A7%D9%84%D8%A3%D9%87%D9%84%D9%8A,,ok,
nidaa-elwatan,محليات,03 . 02 . 2026,في طرابلس بلدية عرجاء تدير المدينة بلا بوصلة,https://www.nidaalwatan.com/article/363002-%D9%81%D9%8A-%D8%B7%D8%B1%D8%A7%D8%A8%D9%84%D8%B3-%D8%A8%D9%84%D8%AF%D9%8A%D8%A9-%D8%B9%D8%B1%D8%AC%D8%A7%D8%A1-%D8%AA%D8%AF%D9%8A%D8%B1-%D8%A7%D9%84%D9%85%D8%AF%D9%8A%D9%86%D8%A9-%D8%A8%D9%84%D8%A7-%D8%A8%D9%88%D8%B5%D9%84%D8%A9,,ok,
nidaa-elwatan,محليات,03 . 02 . 2026,إعادة الإعمار والاستنزاف المتواصل لجنوب الليطاني وشماله؟,https://www.nidaalwatan.com/article/362982-%D8%A5%D8%B9%D8%A7%D8%AF%D8%A9-%D8%A7%D9%84%D8%A5%D8%B9%D9%85%D8%A7%D8%B1-%D9%88%D8%A7%D9%84%D8%A7%D8%B3%D8%AA%D9%86%D8%B2%D8%A7%D9%81-%D8%A7%D9%84%D9%85%D8%AA%D9%88%D8%A7%D8%B5%D9%84-%D9%84%D8%AC%D9%86%D9%88%D8%A8-%D8%A7%D9%84%D9%84%D9%8A%D8%B7%D8%A7%D9%86%D9%8A-%D9%88%D8%B4%D9%85%D8%A7%D9%84%D9%87,,ok,
nidaa-elwatan,محليات,03 . 02 . 2026,"فرنسا خائفة من التصعيد وناشطة لإنقاذ ""الميكانيزم"" ومؤتمر الجيش",https://www.nidaalwatan.com/article/362852-%D9%81%D8%B1%D9%86%D8%B3%D8%A7-%D8%AE%D8%A7%D8%A6%D9%81%D8%A9-%D9%85%D9%86-%D8%A7%D9%84%D8%AA%D8%B5%D8%B9%D9%8A%D8%AF-%D9%88%D9%86%D8%A7%D8%B4%D8%B7%D8%A9-%D9%84%D8%A5%D9%86%D9%82%D8%A7%D8%B0-%D8%A7%D9%84%D9%85%D9%8A%D9%83%D8%A7%D9%86%D9%8A%D8%B2%D9%85-%D9%88%D9%85%D8%A4%D8%AA%D9%85%D8%B1-%D8%A7%D9%84%D8%AC%D9%8A%D8%B4,,ok,
nidaa-elwatan,محليات,03 . 02 . 2026,نبيه برّي: تحوّل بلا انفصال,https://www.nidaalwatan.com/article/362439-%D9%86%D8%A8%D9%8A%D9%87-%D8%A8%D8%B1%D9%8A-%D8%A8%D9%8A%D9%86-%D8%A7%D9%84%D8%AD%D8%B0%D8%B1-%D9%88%D8%A7%D9%84%D8%AA%D9%85%D9%88%D8%B6%D8%B9-%D8%AA%D8%AD%D9%88%D9%84-%D8%A8%D9%84%D8%A7-%D8%A7%D9%86%D9%81%D8%B5%D8%A7%D9%84,,ok,
nidaa-elwatan,أسرار,03.02.2026,أسرار اليوم,https://www.nidaalwatan.com/article/363013-%D9%85%D8%A7%D8%B0%D8%A7-%D9%81%D9%8A-%D8%A3%D8%B3%D8%B1%D8%A7%D8%B1-%D8%A7%D9%84%D9%8A%D9%88%D9%85-03012026,"علمت ""نداء الوطن"" أن سفارة لبنان في واشنطن، لا سيّما السفيرة ندى معوّض، وضعت كلّ إمكاناتها لإنجاح زيارة قائد الجيش واستمرار الدعم الأميركيّ للمؤسّسة العسكرية. || تكشف مصادر سياسية أن ملف الطاقة سيشهد مفاجآت قضائيّة تتعلّق بشحنات الفيول وببواخر توليد الكهرباء، وتتوقع هذه المصادر أن تتلاحق الاستدعاءات لأشخاص على ارتباط بهذا الملف. || عُلِم أن أحد الوزراء الحاليّين سيتغيّب عن نشاطه الوزاريّ وعن جلسات مجلس الوزراء، بسبب خضوعه للعلاج، وقد يكون العلاج خارج لبنان.",ok,
jomhouriya,lebanon,14:54,"""اللبنانية"" حددت 27 آذار موعدًا للانتخابات الطلابية",https://www.aljoumhouria.com/ar/news/796022/%D8%A7%D9%84%D9%84%D8%A8%D9%86%D8%A7%D9%86%D9%8A%D8%A9-%D8%AD%D8%AF%D8%AF%D8%AA-27-%D8%A7%D8%B0%D8%A7%D8%B1-%D9%85%D9%88%D8%B9%D8%AF%D8%A7-%D9%84%D9%84%D8%A7%D9%86%D8%AA%D8%AE%D8%A7%D8%A8%D8%A7%D8%AA-%D8%A7%D9%84%D8%B7%D9%84%D8%A7%D8%A8%D9%8A%D8%A9?utm_source=category&utm_medium=web&utm_campaign=category,,ok,
jomhouriya,lebanon,14:39,الراعي: العيش المشترك كالزواج لا مجال للطلاق فيه,https://www.aljoumhouria.com/ar/news/796021/%D8%A7%D9%84%D8%B1%D8%A7%D8%B9%D9%8A-%D8%A7%D9%84%D8%B9%D9%8A%D8%B4-%D8%A7%D9%84%D9%85%D8%B4%D8%AA%D8%B1%D9%83-%D9%83%D8%A7%D9%84%D8%B2%D9%88%D8%A7%D8%AC-%D9%84%D8%A7-%D9%85%D8%AC%D8%A7%D9%84-%D9%84%D9%84%D8%B7%D9%84%D8%A7%D9%82-%D9%81%D9%8A%D9%87?utm_source=category&utm_medium=web&utm_campaign=category,,ok,
jomhouriya,lebanon,14:33,المستجدات السياسية على طاولة برّي,https://www.aljoumhouria.com/ar/news/796020/%D8%A7%D9%84%D9%85%D8%B3%D8%AA%D8%AC%D8%AF%D8%A7%D8%AA-%D8%A7%D9%84%D8%B3%D9%8A%D8%A7%D8%B3%D9%8A%D8%A9-%D8%B9%D9%84%D9%89-%D8%B7%D8%A7%D9%88%D9%84%D8%A9-%D8%A8%D8%B1%D9%8A?utm_source=category&utm_medium=web&utm_campaign=category,,ok,
jomhouriya,lebanon,14:14,الأمن العام يحذّر من تقديم معلومات من دون التحقق من الجهة المعنية,https://www.aljoumhouria.com/ar/news/796015/%D8%A7%D9%84%D8%A7%D9%85%D9%86-%D8%A7%D9%84%D8%B9%D8%A7%D9%85-%D9%8A%D8%AD%D8%B0%D8%B1-%D9%85%D9%86-%D8%AA%D9%82%D8%AF%D9%8A%D9%85-%D9%85%D8%B9%D9%84%D9%88%D9%85%D8%A7%D8%AA-%D9%85%D9%86-%D8%AF%D9%88%D9%86-%D8%A7%D9%84%D8%AA%D8%AD%D9%82%D9%82-%D9%85%D9%86-%D8%A7%D9%84%D8%AC%D9%87%D8%A9-%D8%A7%D9%84%D9%85%D8%B9%D9%86%D9%8A%D8%A9?utm_source=category&utm_medium=web&utm_campaign=category,,ok,
jomhouriya,lebanon,14:09,مرقص: لبنان يستعيد حضوره العربي ويتجه نحو الاستقرار,https://www.aljoumhouria.com/ar/news/796012/%D9%85%D8%B1%D9%82%D8%B5-%D9%84%D8%A8%D9%86%D8%A7%D9%86-%D9%8A%D8%B3%D8%AA%D8%B9%D9%8A%D8%AF-%D8%AD%D8%B6%D9%88%D8%B1%D9%87-%D8%A7%D9%84%D8%B9%D8%B1%D8%A8%D9%8A-%D9%88%D9%8A%D8%AA%D8%AC%D9%87-%D9%86%D8%AD%D9%88-%D8%A7%D9%84%D8%A7%D8%B3%D8%AA%D9%82%D8%B1%D8%A7%D8%B1?utm_source=category&utm_medium=web&utm_campaign=category,,ok,
jomhouriya,lebanon,12:57,عون: الانتخابات قائمة في موعدها والكلام عن تأجيلها لا يعنيني,https://www.aljoumhouria.com/ar/news/796004/%D8%B9%D9%88%D9%86-%D8%A7%D9%84%D8%A7%D9%86%D8%AA%D8%AE%D8%A7%D8%A8%D8%A7%D8%AA-%D9%82%D8%A7%D9%8A%D9%85%D8%A9-%D9%81%D9%8A-%D9%85%D9%88%D8%B9%D8%AF%D9%87%D8%A7-%D9%88%D8%A7%D9%84%D9%83%D9%84%D8%A7%D9%85-%D8%B9%D9%86-%D8%AA%D8%A7%D8%AC%D9%8A%D9%84%D9%87%D8%A7-%D9%84%D8%A7-%D9%8A%D8%B9%D9%86%D9%8A%D9%86%D9%8A?utm_source=category&utm_medium=web&utm_campaign=category,,ok,
jomhouriya,lebanon,12:46,جابر: معالجة أزمة الودائع تُعدّ أولوية قصوى للحكومة,https://www.aljoumhouria.com/ar/news/796001/%D8%AC%D8%A7%D8%A8%D8%B1-%D9%85%D8%B9%D8%A7%D9%84%D8%AC%D8%A9-%D8%A7%D8%B2%D9%85%D8%A9-%D8%A7%D9%84%D9%88%D8%AF%D8%A7%D9%8A%D8%B9-%D8%AA%D8%B9%D8%AF-%D8%A7%D9%88%D9%84%D9%88%D9%8A%D8%A9-%D9%82%D8%B5%D9%88%D9%89-%D9%84%D9%84%D8%AD%D9%83%D9%88%D9%85%D8%A9?utm_source=category&utm_medium=web&utm_campaign=category,,ok,
jomhouriya,lebanon,12:14,"تفكيك عصابة ابتزاز عبر ""واتساب"".. هل وقعتم ضحية أعمالها؟",https://www.aljoumhouria.com/ar/news/795996/%D8%AA%D9%81%D9%83%D9%8A%D9%83-%D8%B9%D8%B5%D8%A7%D8%A8%D8%A9-%D8%A7%D8%A8%D8%AA%D8%B2%D8%A7%D8%B2-%D8%B9%D8%A8%D8%B1-%D9%88%D8%A7%D8%AA%D8%B3%D8%A7%D8%A8-%D9%87%D9%84-%D9%88%D9%82%D8%B9%D8%AA%D9%85-%D8%B6%D8%AD%D9%8A%D8%A9-%D8%A7%D8%B9%D9%85%D8%A7%D9%84%D9%87%D8%A7?utm_source=category&utm_medium=web&utm_campaign=category,,ok,
jomhouriya,lebanon,12:09,"مجلة ""الأمن"": حين يكون الحلم مسؤولية.. وشموخ ونقاء",https://www.aljoumhouria.com/ar/news/795995/%D9%85%D8%AC%D9%84%D8%A9-%D8%A7%D9%84%D8%A7%D9%85%D9%86-%D8%AD%D9%8A%D9%86-%D9%8A%D9%83%D9%88%D9%86-%D8%A7%D9%84%D8%AD%D9%84%D9%85-%D9%85%D8%B3%D9%88%D9%88%D9%84%D9%8A%D8%A9-%D9%88%D8%B4%D9%85%D9%88%D8%AE-%D9%88%D9%86%D9%82%D8%A7%D8%A1?utm_source=category&utm_medium=web&utm_campaign=category,,ok,
jomhouriya,lebanon,11:22,"استجواب من ""اللقاء الديمقراطي"" إلى الحكومة حول ملف الإسكان",https://www.aljoumhouria.com/ar/news/795993/%D8%A7%D8%B3%D8%AA%D8%AC%D9%88%D8%A7%D8%A8-%D9%85%D9%86-%D8%A7%D9%84%D9%84%D9%82%D8%A7%D8%A1-%D8%A7%D9%84%D8%AF%D9%8A%D9%85%D9%82%D8%B1%D8%A7%D8%B7%D9%8A-%D8%A7%D9%84%D9%89-%D8%A7%D9%84%D8%AD%D9%83%D9%88%D9%85%D8%A9-%D8%AD%D9%88%D9%84-%D9%85%D9%84%D9%81-%D8%A7%D9%84%D8%A7%D8%B3%D9%83%D8%A7%D9%86?utm_source=category&utm_medium=web&utm_campaign=category,,ok,
jomhouriya,lebanon,11:06,"""سلام يدعو ""الاشقاء العرب الى المشاركة في مؤتمر دعم الجيش في باريس",https://www.aljoumhouria.com/ar/news/795992/%D8%B3%D9%84%D8%A7%D9%85-%D9%8A%D8%AF%D8%B9%D9%88-%D8%A7%D9%84%D8%A7%D8%B4%D9%82%D8%A7%D8%A1-%D8%A7%D9%84%D8%B9%D8%B1%D8%A8-%D8%A7%D9%84%D9%89-%D8%A7%D9%84%D9%85%D8%B4%D8%A7%D8%B1%D9%83%D8%A9-%D9%81%D9%8A-%D9%85%D9%88%D8%AA%D9%85%D8%B1-%D8%AF%D8%B9%D9%85-%D8%A7%D9%84%D8%AC%D9%8A%D8%B4-%D9%81%D9%8A-%D8%A8%D8%A7%D8%B1%D9%8A%D8%B3?utm_source=category&utm_medium=web&utm_campaign=category,,ok,
jomhouriya,lebanon,10:22,مبادرة أردنية لاجتماع سوري–لبناني–أردني مخصص للكهرباء.. وسلام يرحّب,https://www.aljoumhouria.com/ar/news/795985/%D9%85%D8%A8%D8%A7%D8%AF%D8%B1%D8%A9-%D8%A7%D8%B1%D8%AF%D9%86%D9%8A%D8%A9-%D9%84%D8%A7%D8%AC%D8%AA%D9%85%D8%A7%D8%B9-%D8%B3%D9%88%D8%B1%D9%8A%D9%84%D8%A8%D9%86%D8%A7%D9%86%D9%8A%D8%A7%D8%B1%D8%AF%D9%86%D9%8A-%D9%85%D8%AE%D8%B5%D8%B5-%D9%84%D9%84%D9%83%D9%87%D8%B1%D8%A8%D8%A7%D8%A1-%D9%88%D8%B3%D9%84%D8%A7%D9%85-%D9%8A%D8%B1%D8%AD%D8%A8?utm_source=category&utm_medium=web&utm_campaign=category,,ok,
jomhouriya,lebanon,08:43,سلام عرض مع البديوي التحضيرات لمنتدى الاستثمار اللبناني- الخليجيّ,https://www.aljoumhouria.com/ar/news/795968/%D8%B3%D9%84%D8%A7%D9%85-%D8%B9%D8%B1%D8%B6-%D9%85%D8%B9-%D8%A7%D9%84%D8%A8%D8%AF%D9%8A%D9%88%D9%8A-%D8%A7%D9%84%D8%AA%D8%AD%D8%B6%D9%8A%D8%B1%D8%A7%D8%AA-%D9%84%D9%85%D9%86%D8%AA%D8%AF%D9%89-%D8%A7%D9%84%D8%A7%D8%B3%D8%AA%D8%AB%D9%85%D8%A7%D8%B1-%D8%A7%D9%84%D9%84%D8%A8%D9%86%D8%A7%D9%86%D9%8A-%D8%A7%D9%84%D8%AE%D9%84%D9%8A%D8%AC%D9%8A?utm_source=category&utm_medium=web&utm_campaign=category,,ok,
jomhouriya,lebanon,08:41,"إخبارٌ من ""الطاقة"" في حق فوزي مشلب لعبثه بالأمن القومي",https://www.aljoumhouria.com/ar/news/795967/%D8%A7%D8%AE%D8%A8%D8%A7%D8%B1-%D9%85%D9%86-%D8%A7%D9%84%D8%B7%D8%A7%D9%82%D8%A9-%D9%81%D9%8A-%D8%AD%D9%82-%D9%81%D9%88%D8%B2%D9%8A-%D9%85%D8%B4%D9%84%D8%A8-%D9%84%D8%B9%D8%A8%D8%AB%D9%87-%D8%A8%D8%A7%D9%84%D8%A7%D9%85%D9%86-%D8%A7%D9%84%D9%82%D9%88%D9%85%D9%8A?utm_source=category&utm_medium=web&utm_campaign=category,,ok,
jomhouriya,lebanon,08:35,"الإستحقاق الإنتخابيّ... ""مسؤول كبير"": لا تعديل.. فلا تأجيل",https://www.aljoumhouria.com/ar/news/795966/%D8%A7%D9%84%D8%A7%D8%B3%D8%AA%D8%AD%D9%82%D8%A7%D9%82-%D8%A7%D9%84%D8%A7%D9%86%D8%AA%D8%AE%D8%A7%D8%A8%D9%8A-%D9%85%D8%B3%D9%88%D9%88%D9%84-%D9%83%D8%A8%D9%8A%D8%B1-%D9%84%D8%A7-%D8%AA%D8%B9%D8%AF%D9%8A%D9%84-%D9%81%D9%84%D8%A7-%D8%AA%D8%A7%D8%AC%D9%8A%D9%84?utm_source=category&utm_medium=web&utm_campaign=category,,ok,
jomhouriya,lebanon,08:28,"مصدرٌ نيابيّ بارز لـ""الجمهورية"": ""لا حاجة أو ضرورة لعقد جلسة تشريعية...""",https://www.aljoumhouria.com/ar/news/795965/%D9%85%D8%B5%D8%AF%D8%B1-%D9%86%D9%8A%D8%A7%D8%A8%D9%8A-%D8%A8%D8%A7%D8%B1%D8%B2-%D9%84%D9%80%D8%A7%D9%84%D8%AC%D9%85%D9%87%D9%88%D8%B1%D9%8A%D8%A9-%D9%84%D8%A7-%D8%AD%D8%A7%D8%AC%D8%A9-%D8%A7%D9%88-%D8%B6%D8%B1%D9%88%D8%B1%D8%A9-%D9%84%D8%B9%D9%82%D8%AF-%D8%AC%D9%84%D8%B3%D8%A9-%D8%AA%D8%B4%D8%B1%D9%8A%D8%B9%D9%8A%D8%A9?utm_source=category&utm_medium=web&utm_campaign=category,,ok,
jomhouriya,lebanon,08:20,"""مسؤولٌ غربيّ كبير"": فنّ اللعب على حافة الهاوية.. والباب ليس مغلقاً أمام المفاجآت",https://www.aljoumhouria.com/ar/news/795964/%D9%85%D8%B3%D9%88%D9%88%D9%84-%D8%BA%D8%B1%D8%A8%D9%8A-%D9%83%D8%A8%D9%8A%D8%B1-%D9%81%D9%86-%D8%A7%D9%84%D9%84%D8%B9%D8%A8-%D8%B9%D9%84%D9%89-%D8%AD%D8%A7%D9%81%D8%A9-%D8%A7%D9%84%D9%87%D8%A7%D9%88%D9%8A%D8%A9-%D9%88%D8%A7%D9%84%D8%A8%D8%A7%D8%A8-%D9%84%D9%8A%D8%B3-%D9%85%D8%BA%D9%84%D9%82%D8%A7-%D8%A7%D9%85%D8%A7%D9%85-%D8%A7%D9%84%D9%85%D9%81%D8%A7%D8%AC%D8%A7%D8%AA?utm_source=category&utm_medium=web&utm_campaign=category,,ok,
jomhouriya,lebanon,07:35,«الميكانيزم الجديدة» وكوابيس شمال النهر,https://www.aljoumhouria.com/ar/news/795955/%D8%A7%D9%84%D9%85%D9%8A%D9%83%D8%A7%D9%86%D9%8A%D8%B2%D9%85-%D8%A7%D9%84%D8%AC%D8%AF%D9%8A%D8%AF%D8%A9-%D9%88%D9%83%D9%88%D8%A7%D8%A8%D9%8A%D8%B3-%D8%B4%D9%85%D8%A7%D9%84-%D8%A7%D9%84%D9%86%D9%87%D8%B1?utm_source=category&utm_medium=web&utm_campaign=category,,ok,
jomhouriya,lebanon,07:30,هيكل في أميركا: حماية «الهيكل»,https://www.aljoumhouria.com/ar/news/795954/%D9%87%D9%8A%D9%83%D9%84-%D9%81%D9%8A-%D8%A7%D9%85%D9%8A%D8%B1%D9%83%D8%A7-%D8%AD%D9%85%D8%A7%D9%8A%D8%A9-%D8%A7%D9%84%D9%87%D9%8A%D9%83%D9%84?utm_source=category&utm_medium=web&utm_campaign=category,,ok,
jomhouriya,lebanon,07:21,هذه بعض «أوراق هيكل» إلى واشنطن... فهل هي رابحة؟,https://www.aljoumhouria.com/ar/news/795953/%D9%87%D8%B0%D9%87-%D8%A8%D8%B9%D8%B6-%D8%A7%D9%88%D8%B1%D8%A7%D9%82-%D9%87%D9%8A%D9%83%D9%84-%D8%A7%D9%84%D9%89-%D9%88%D8%A7%D8%B4%D9%86%D8%B7%D9%86-%D9%81%D9%87%D9%84-%D9%87%D9%8A-%D8%B1%D8%A7%D8%A8%D8%AD%D8%A9?utm_source=category&utm_medium=web&utm_campaign=category,,ok,
jomhouriya,lebanon,07:18,قرينة البراءة، ضمانة قضائية أم حماية سياسية؟,https://www.aljoumhouria.com/ar/news/795952/%D9%82%D8%B1%D9%8A%D9%86%D8%A9-%D8%A7%D9%84%D8%A8%D8%B1%D8%A7%D8%A1%D8%A9--%D8%B6%D9%85%D8%A7%D9%86%D8%A9-%D9%82%D8%B6%D8%A7%D9%8A%D9%8A%D8%A9-%D8%A7%D9%85-%D8%AD%D9%85%D8%A7%D9%8A%D8%A9-%D8%B3%D9%8A%D8%A7%D8%B3%D9%8A%D8%A9?utm_source=category&utm_medium=web&utm_campaign=category,,ok,
jomhouriya,lebanon,06:11,"مانشيت ""الجمهورية"": الداخل في كوما الانتخابات وهيكل في واشنطن... إسرائيل تـرش الجنوب بـ""مواد كيميائية"" وعون للضغط عليها",https://www.aljoumhouria.com/ar/news/795947/%D9%85%D8%A7%D9%86%D8%B4%D9%8A%D8%AA-%D8%A7%D9%84%D8%AC%D9%85%D9%87%D9%88%D8%B1%D9%8A%D8%A9-%D8%A7%D9%84%D8%AF%D8%A7%D8%AE%D9%84-%D9%81%D9%8A-%D9%83%D9%88%D9%85%D8%A7-%D8%A7%D9%84%D8%A7%D9%86%D8%AA%D8%AE%D8%A7%D8%A8%D8%A7%D8%AA-%D9%88%D9%87%D9%8A%D9%83%D9%84-%D9%81%D9%8A-%D9%88%D8%A7%D8%B4%D9%86%D8%B7%D9%86-%D8%A7%D8%B3%D8%B1%D8%A7%D9%8A%D9%8A%D9%84-%D8%AA%D9%80%D8%B1%D8%B4-%D8%A7%D9%84%D8%AC%D9%86%D9%88%D8%A8-%D8%A8%D9%80%D9%85%D9%88%D8%A7%D8%AF-%D9%83%D9%8A%D9%85%D9%8A%D8%A7%D9%8A%D9%8A%D8%A9-%D9%88%D8%B9%D9%88%D9%86-%D9%84%D9%84%D8%B6%D8%BA%D8%B7-%D8%B9%D9%84%D9%8A%D9%87%D8%A7?utm_source=category&utm_medium=web&utm_campaign=category,,ok,
jomhouriya,lebanon,21:40,"خلاصة ""الجمهورية"": المنطقة بين شبح التصعيد وفرصة التفاوض",https://www.aljoumhouria.com/ar/news/795931/%D8%AE%D9%84%D8%A7%D8%B5%D8%A9-%D8%A7%D9%84%D8%AC%D9%85%D9%87%D9%88%D8%B1%D9%8A%D8%A9-%D8%A7%D9%84%D9%85%D9%86%D8%B7%D9%82%D8%A9-%D8%A8%D9%8A%D9%86-%D8%B4%D8%A8%D8%AD-%D8%A7%D9%84%D8%AA%D8%B5%D8%B9%D9%8A%D8%AF-%D9%88%D9%81%D8%B1%D8%B5%D8%A9-%D8%A7%D9%84%D8%AA%D9%81%D8%A7%D9%88%D8%B6?utm_source=category&utm_medium=web&utm_campaign=category,,ok,
jomhouriya,lebanon,20:25,بالفيديو - أبرز الأخبار العالمية والمحلية,https://www.aljoumhouria.com/ar/news/795925/%D8%A8%D8%A7%D9%84%D9%81%D9%8A%D8%AF%D9%8A%D9%88--%D8%A7%D8%A8%D8%B1%D8%B2-%D8%A7%D9%84%D8%A7%D8%AE%D8%A8%D8%A7%D8%B1-%D8%A7%D9%84%D8%B9%D8%A7%D9%84%D9%85%D9%8A%D8%A9-%D9%88%D8%A7%D9%84%D9%85%D8%AD%D9%84%D9%8A%D8%A9?utm_source=category&utm_medium=web&utm_campaign=category,,ok,
